txn_id,loan_id,payment_date,amount,method
T90792,L1132,2025-10-23,102083.33,direct_debit
T91125,L1191,2025-03-25,47916.67,bank_transfer
T90998,L1165,2026-03-11,66666.67,direct_debit
T90727,L1120,2025-11-14,272222.22,direct_debit
T90529,L1095,2025-04-18,180000.0,card
T90610,L1102,2026-01-06,85000.0,direct_debit
T90886,L1149,2025-07-23,77222.22,card
T90049,L1005,2025-11-24,189166.67,direct_debit
T90759,L1124,2026-03-12,77222.22,bank_transfer
T90493,L1088,2026-02-17,25416.67,bank_transfer
T90665,L1111,2025-11-10,19305.56,direct_debit
T90943,L1157,2026-04-16,60000.0,ussd
T90394,L1067,2025-12-04,188333.33,ussd
T91089,L1185,2025-05-24,138750.0,ussd
T90259,L1041,2025-07-15,129444.44,ussd
T90905,L1152,2025-12-21,210000.0,bank_transfer
T91321,L1224,2025-09-10,136111.11,bank_transfer
T90946,L1158,2025-06-03,34027.78,card
T90274,L1046,2025-05-21,55416.67,direct_debit
T91161,L1195,2025-07-09,31666.67,ussd
T90864,L1144,2026-05-27,73750.0,ussd
T90416,L1073,2025-12-25,287500.0,card
T90141,L1026,2025-06-21,40277.78,card
T91407,L1235,2025-12-10,31666.67,ussd
T90932,L1157,2025-05-15,60000.0,direct_debit
T91093,L1186,2025-03-15,49166.67,bank_transfer
T91112,L1188,2025-11-11,325000.0,ussd
T90351,L1060,2025-12-23,36944.44,direct_debit
T91391,L1232,2026-01-16,77222.22,bank_transfer
T90342,L1059,2026-03-14,120833.33,bank_transfer
T90826,L1139,2025-12-30,54166.67,card
T90847,L1143,2025-10-15,77222.22,bank_transfer
T91041,L1175,2026-04-09,94583.33,card
T91031,L1170,2025-04-05,99583.33,ussd
T90076,L1009,2026-01-08,152500.0,direct_debit
T90332,L1058,2025-04-10,49166.67,bank_transfer
T90910,L1152,2026-05-21,210000.0,card
T90730,L1122,2025-03-16,78750.0,ussd
T91035,L1170,2025-08-02,99583.33,direct_debit
T90432,L1075,2026-03-21,383333.33,bank_transfer
T90297,L1049,2025-07-17,113333.33,card
T91228,L1208,2026-01-14,154444.44,ussd
T90309,L1053,2025-09-06,170000.0,direct_debit
T90065,L1008,2025-10-11,378333.33,card
T91307,L1221,2025-08-04,97083.33,direct_debit
T91333,L1225,2025-09-07,126111.11,bank_transfer
T90175,L1029,2025-04-10,77222.22,bank_transfer
T90184,L1029,2026-01-27,77222.22,bank_transfer
T90354,L1060,2026-03-27,36944.44,bank_transfer
T91432,L1239,2025-01-25,76250.0,ussd
T90051,L1006,2026-02-24,370000.0,ussd
T91234,L1209,2025-07-11,113333.33,direct_debit
T90554,L1096,2026-02-12,85000.0,direct_debit
T90271,L1046,2025-02-23,55416.67,direct_debit
T90067,L1008,2025-12-09,378333.33,card
T90917,L1153,2026-03-01,14166.67,card
T90029,L1002,2026-01-16,210000.0,direct_debit
T91210,L1203,2026-02-28,152500.0,ussd
T91292,L1220,2025-08-14,19305.56,ussd
T91057,L1177,2026-05-12,325000.0,ussd
T91132,L1192,2025-08-08,110833.33,bank_transfer
T90528,L1094,2026-01-29,105000.0,bank_transfer
T90270,L1046,2025-01-21,55416.67,ussd
T90358,L1061,2026-04-15,200000.0,ussd
T90722,L1120,2025-06-12,272222.22,bank_transfer
T90439,L1077,2025-10-09,46250.0,bank_transfer
T91032,L1170,2025-05-04,99583.33,bank_transfer
T90912,L1153,2025-09-27,14166.67,card
T90859,L1144,2025-12-25,73750.0,bank_transfer
T91392,L1232,2026-02-16,77222.22,ussd
T91388,L1232,2025-10-16,77222.22,card
T91169,L1195,2026-03-07,31666.67,direct_debit
T90303,L1049,2026-01-17,113333.33,direct_debit
T90678,L1113,2025-09-22,138750.0,direct_debit
T90743,L1123,2026-02-21,189166.67,direct_debit
T91274,L1217,2025-11-30,32361.11,card
T90618,L1103,2026-03-06,100000.0,ussd
T90044,L1005,2025-06-21,189166.67,direct_debit
T90059,L1007,2026-02-07,161111.11,direct_debit
T90420,L1074,2025-07-28,47500.0,ussd
T91053,L1177,2026-01-15,325000.0,bank_transfer
T90123,L1023,2025-11-21,63055.56,bank_transfer
T91000,L1165,2026-05-09,66666.67,direct_debit
T90900,L1151,2026-03-28,110833.33,card
T90361,L1062,2025-05-15,295000.0,card
T90218,L1036,2025-11-13,272222.22,ussd
T90621,L1104,2025-10-12,161111.11,card
T90654,L1110,2025-07-27,191666.67,bank_transfer
T90371,L1063,2025-06-21,129444.44,card
T90115,L1021,2025-10-03,47916.67,ussd
T90638,L1106,2026-05-17,200000.0,ussd
T90231,L1039,2025-03-12,38611.11,card
T90668,L1111,2026-02-12,19305.56,card
T90078,L1009,2026-03-08,152500.0,card
T90963,L1161,2025-10-19,30000.0,bank_transfer
T90615,L1103,2025-12-03,100000.0,ussd
T90198,L1032,2026-03-03,54166.67,bank_transfer
T91411,L1235,2026-04-10,31666.67,direct_debit
T91150,L1193,2026-03-20,90000.0,card
T91334,L1226,2025-04-27,38611.11,direct_debit
T91341,L1226,2025-11-17,38611.11,ussd
T90070,L1008,2026-03-12,378333.33,card
T90015,L1001,2025-07-03,63333.33,card
T90931,L1157,2025-04-18,60000.0,direct_debit
T90904,L1152,2025-11-21,210000.0,direct_debit
T91359,L1228,2026-04-29,15833.33,card
T90693,L1114,2026-05-01,157500.0,ussd
T90755,L1124,2025-11-13,77222.22,ussd
T90427,L1074,2026-03-03,47500.0,card
T90771,L1127,2025-10-02,45416.67,ussd
T91192,L1200,2025-08-11,252222.22,ussd
T90721,L1120,2025-05-14,272222.22,ussd
T90575,L1100,2025-04-12,63333.33,ussd
T90949,L1158,2025-09-01,34027.78,bank_transfer
T91081,L1184,2025-12-24,388333.33,ussd
T91330,L1225,2025-05-05,126111.11,ussd
T90720,L1120,2025-04-16,272222.22,bank_transfer
T90382,L1065,2025-09-19,30000.0,bank_transfer
T90411,L1072,2026-05-15,545000.0,bank_transfer
T90849,L1143,2025-12-17,77222.22,bank_transfer
T90244,L1039,2026-04-08,38611.11,direct_debit
T90430,L1074,2026-05-31,47500.0,direct_debit
T91408,L1235,2026-01-09,31666.67,direct_debit
T90423,L1074,2025-10-31,47500.0,card
T90714,L1118,2025-04-21,575000.0,ussd
T91075,L1180,2026-05-14,295000.0,bank_transfer
T91263,L1216,2025-09-08,126666.67,card
T90887,L1149,2025-08-12,77222.22,card
T91006,L1167,2026-04-18,210000.0,bank_transfer
T90543,L1096,2025-03-14,85000.0,ussd
T90429,L1074,2026-05-01,47500.0,ussd
T91049,L1176,2025-08-31,25416.67,ussd
T91246,L1212,2025-11-28,45000.0,bank_transfer
T90908,L1152,2026-03-20,210000.0,bank_transfer
T90597,L1101,2026-04-19,15833.33,ussd
T90882,L1148,2026-02-10,26250.0,ussd
T90043,L1005,2025-05-23,189166.67,bank_transfer
T91100,L1186,2025-10-18,49166.67,bank_transfer
T91272,L1216,2026-05-13,126666.67,ussd
T91096,L1186,2025-06-16,49166.67,ussd
T91230,L1208,2026-03-15,154444.44,card
T90101,L1016,2026-01-21,98333.33,card
T90247,L1040,2025-08-09,100000.0,ussd
T90965,L1161,2025-12-19,30000.0,bank_transfer
T91344,L1226,2026-02-02,38611.11,direct_debit
T90168,L1028,2026-01-10,210000.0,ussd
T90944,L1157,2026-05-17,60000.0,card
T91403,L1235,2025-08-10,31666.67,card
T90787,L1131,2026-02-06,132777.78,direct_debit
T90664,L1111,2025-10-08,19305.56,direct_debit
T90128,L1023,2026-05-11,63055.56,ussd
T90710,L1117,2025-09-02,105000.0,bank_transfer
T91404,L1235,2025-09-11,31666.67,direct_debit
T90796,L1132,2026-02-21,102083.33,bank_transfer
T91243,L1209,2026-04-30,113333.33,direct_debit
T90220,L1036,2026-01-15,272222.22,direct_debit
T91128,L1191,2025-06-27,47916.67,ussd
T91443,L1239,2025-12-25,76250.0,ussd
T90350,L1060,2025-11-26,36944.44,card
T90032,L1003,2026-03-20,47500.0,bank_transfer
T90629,L1104,2026-05-29,161111.11,bank_transfer
T90415,L1073,2025-11-25,287500.0,card
T90636,L1106,2026-03-18,200000.0,direct_debit
T90344,L1059,2026-05-14,120833.33,card
T90581,L1100,2025-09-27,63333.33,bank_transfer
T91029,L1170,2025-02-04,99583.33,ussd
T90192,L1030,2025-09-02,19305.56,direct_debit
T90275,L1046,2025-06-24,55416.67,bank_transfer
T90477,L1087,2026-01-18,47083.33,card
T90947,L1158,2025-07-03,34027.78,card
T90163,L1027,2026-01-06,56666.67,card
T90903,L1152,2025-10-21,210000.0,direct_debit
T91242,L1209,2026-03-23,113333.33,card
T90261,L1041,2025-09-19,129444.44,direct_debit
T90365,L1062,2025-09-15,295000.0,card
T90620,L1103,2026-05-07,100000.0,card
T91203,L1201,2025-10-04,376666.67,card
T91273,L1217,2025-11-07,32361.11,bank_transfer
T90598,L1102,2025-01-06,85000.0,bank_transfer
T90649,L1110,2025-02-26,191666.67,direct_debit
T91429,L1238,2025-09-04,136250.0,direct_debit
T90289,L1047,2026-04-22,94583.33,bank_transfer
T90425,L1074,2025-12-30,47500.0,bank_transfer
T90063,L1008,2025-08-10,378333.33,direct_debit
T90650,L1110,2025-03-27,191666.67,card
T90203,L1034,2025-05-30,76250.0,direct_debit
T90240,L1039,2025-12-10,38611.11,card
T90485,L1088,2025-06-17,25416.67,ussd
T90426,L1074,2026-01-31,47500.0,direct_debit
T91182,L1198,2026-02-13,383333.33,card
T90631,L1105,2025-07-18,545000.0,direct_debit
T90809,L1136,2026-02-08,108333.33,ussd
T91383,L1231,2026-04-05,32361.11,bank_transfer
T90532,L1095,2025-07-19,180000.0,bank_transfer
T90844,L1143,2025-07-15,77222.22,bank_transfer
T90030,L1002,2026-02-24,210000.0,ussd
T90056,L1007,2025-11-06,161111.11,card
T91172,L1197,2025-10-25,18472.22,direct_debit
T90948,L1158,2025-08-04,34027.78,card
T90712,L1117,2025-11-22,105000.0,card
T91108,L1187,2026-02-23,63333.33,direct_debit
T90538,L1095,2026-01-15,180000.0,direct_debit
T90950,L1158,2025-10-04,34027.78,card
T91189,L1199,2025-10-01,282500.0,card
T90486,L1088,2025-07-19,25416.67,bank_transfer
T90576,L1100,2025-05-17,63333.33,direct_debit
T90571,L1099,2026-04-26,136111.11,card
T90588,L1100,2026-04-19,63333.33,card
T90316,L1053,2026-04-10,170000.0,direct_debit
T91073,L1179,2025-08-16,138750.0,bank_transfer
T90099,L1016,2025-11-21,98333.33,bank_transfer
T90589,L1100,2026-05-28,63333.33,ussd
T91106,L1187,2025-12-22,63333.33,card
T91165,L1195,2025-11-10,31666.67,bank_transfer
T91399,L1234,2026-02-28,204375.0,bank_transfer
T91195,L1200,2025-11-24,252222.22,card
T90353,L1060,2026-02-23,36944.44,card
T90976,L1163,2025-11-22,64722.22,direct_debit
T90239,L1039,2025-11-11,38611.11,ussd
T90701,L1116,2026-01-05,73888.89,card
T90594,L1101,2026-02-01,15833.33,ussd
T90380,L1064,2026-05-31,575000.0,direct_debit
T90922,L1155,2026-01-02,325000.0,card
T91036,L1170,2025-09-06,99583.33,ussd
T91068,L1178,2026-05-11,90000.0,ussd
T91426,L1237,2026-05-06,265555.56,card
T90785,L1130,2026-05-27,99583.33,ussd
T90705,L1117,2025-04-05,105000.0,direct_debit
T91435,L1239,2025-04-23,76250.0,bank_transfer
T90810,L1136,2026-03-05,108333.33,ussd
T90567,L1098,2025-12-27,19305.56,direct_debit
T90909,L1152,2026-04-22,210000.0,direct_debit
T91034,L1170,2025-07-06,99583.33,card
T91039,L1173,2025-11-10,136111.11,direct_debit
T90422,L1074,2025-09-30,47500.0,bank_transfer
T90306,L1049,2026-04-19,113333.33,direct_debit
T90208,L1034,2025-10-27,76250.0,card
T90324,L1056,2026-05-10,180000.0,bank_transfer
T90584,L1100,2025-12-16,63333.33,ussd
T90322,L1056,2026-01-22,180000.0,card
T90237,L1039,2025-09-12,38611.11,bank_transfer
T90058,L1007,2026-01-05,161111.11,direct_debit
T90277,L1046,2025-08-24,55416.67,bank_transfer
T90367,L1062,2025-11-14,295000.0,direct_debit
T90661,L1111,2025-07-08,19305.56,card
T91030,L1170,2025-03-04,99583.33,card
T90023,L1001,2026-03-07,63333.33,bank_transfer
T90107,L1017,2026-01-21,81250.0,ussd
T90451,L1079,2026-03-11,35277.78,bank_transfer
T91046,L1176,2025-06-10,25416.67,bank_transfer
T90754,L1124,2025-10-15,77222.22,direct_debit
T90534,L1095,2025-09-16,180000.0,card
T90680,L1113,2025-11-23,138750.0,card
T91236,L1209,2025-09-13,113333.33,ussd
T90363,L1062,2025-07-11,295000.0,card
T91382,L1231,2026-03-05,32361.11,bank_transfer
T91013,L1168,2025-11-20,154444.44,bank_transfer
T91117,L1188,2026-04-10,325000.0,ussd
T91040,L1173,2025-12-01,136111.11,card
T90666,L1111,2025-12-10,19305.56,card
T90233,L1039,2025-05-10,38611.11,bank_transfer
T90413,L1073,2025-09-28,287500.0,bank_transfer
T90196,L1032,2026-01-07,54166.67,direct_debit
T91220,L1205,2026-03-06,98333.33,ussd
T90081,L1010,2026-05-15,31666.67,ussd
T91362,L1229,2025-12-02,143750.0,card
T91119,L1189,2026-02-09,30000.0,bank_transfer
T90111,L1019,2026-05-23,70555.56,ussd
T91237,L1209,2025-10-19,113333.33,card
T90986,L1165,2025-03-11,66666.67,card
T91338,L1226,2025-08-08,38611.11,bank_transfer
T91048,L1176,2025-07-04,25416.67,card
T91226,L1208,2025-11-11,154444.44,direct_debit
T90619,L1103,2026-04-04,100000.0,ussd
T90744,L1123,2026-03-16,189166.67,bank_transfer
T90802,L1133,2026-04-11,221666.67,bank_transfer
T90513,L1092,2026-04-30,133333.33,bank_transfer
T91099,L1186,2025-09-16,49166.67,ussd
T90310,L1053,2025-10-07,170000.0,bank_transfer
T91442,L1239,2025-11-21,76250.0,card
T91249,L1215,2025-03-02,115833.33,card
T90405,L1070,2026-02-04,191666.67,bank_transfer
T90752,L1124,2025-08-14,77222.22,card
T90741,L1123,2025-12-18,189166.67,ussd
T90381,L1065,2025-08-17,30000.0,card
T90605,L1102,2025-08-04,85000.0,direct_debit
T91033,L1170,2025-06-04,99583.33,ussd
T91327,L1224,2026-03-08,136111.11,ussd
T91409,L1235,2026-02-11,31666.67,direct_debit
T90915,L1153,2025-12-27,14166.67,card
T90254,L1040,2026-04-17,100000.0,card
T91061,L1178,2025-10-01,90000.0,direct_debit
T91142,L1193,2025-06-02,90000.0,bank_transfer
T90793,L1132,2025-11-21,102083.33,ussd
T90724,L1120,2025-08-15,272222.22,ussd
T90374,L1063,2025-09-09,129444.44,ussd
T90086,L1013,2026-03-25,147777.78,ussd
T91379,L1231,2025-12-05,32361.11,card
T90265,L1044,2025-09-03,170000.0,direct_debit
T90889,L1149,2025-08-31,77222.22,card
T91438,L1239,2025-07-25,76250.0,direct_debit
T90940,L1157,2026-01-19,60000.0,card
T91094,L1186,2025-04-17,49166.67,ussd
T90506,L1091,2026-01-20,216666.67,bank_transfer
T90695,L1115,2026-04-20,181666.67,card
T90221,L1036,2026-02-14,272222.22,direct_debit
T90113,L1021,2025-08-03,47916.67,ussd
T90544,L1096,2025-04-13,85000.0,ussd
T90839,L1142,2026-02-11,216666.67,direct_debit
T90174,L1029,2025-03-31,77222.22,bank_transfer
T91199,L1201,2025-06-07,376666.67,direct_debit
T90549,L1096,2025-09-12,85000.0,direct_debit
T91145,L1193,2025-09-23,90000.0,ussd
T91055,L1177,2026-03-12,325000.0,card
T91233,L1209,2025-07-26,113333.33,ussd
T90285,L1046,2026-04-21,55416.67,direct_debit
T90819,L1139,2025-05-21,54166.67,bank_transfer
T91115,L1188,2026-02-11,325000.0,direct_debit
T91159,L1194,2026-04-25,191666.67,bank_transfer
T90031,L1002,2026-03-09,210000.0,card
T90526,L1094,2025-11-27,105000.0,direct_debit
T90210,L1034,2025-12-28,114375.0,ussd
T90916,L1153,2026-01-28,14166.67,bank_transfer
T91114,L1188,2026-01-10,325000.0,ussd
T90764,L1125,2026-05-23,56666.67,bank_transfer
T90777,L1129,2026-02-12,20138.89,direct_debit
T91009,L1168,2025-07-04,154444.44,card
T90188,L1030,2025-04-30,19305.56,card
T91306,L1221,2025-06-23,97083.33,ussd
T90873,L1147,2025-09-09,94166.67,ussd
T90816,L1138,2025-09-14,33333.33,ussd
T90339,L1059,2025-12-16,120833.33,direct_debit
T90083,L1012,2025-07-16,287500.0,ussd
T90048,L1005,2025-10-22,189166.67,ussd
T90155,L1027,2025-05-03,56666.67,direct_debit
T90585,L1100,2026-01-28,63333.33,ussd
T91105,L1187,2025-11-23,63333.33,bank_transfer
T91434,L1239,2025-03-22,76250.0,direct_debit
T91026,L1169,2026-03-29,50833.33,bank_transfer
T90762,L1125,2026-03-20,56666.67,card
T91190,L1199,2025-11-05,282500.0,ussd
T91177,L1197,2026-03-23,18472.22,direct_debit
T90179,L1029,2025-09-20,77222.22,ussd
T90899,L1151,2026-01-24,110833.33,bank_transfer
T91281,L1218,2025-07-26,408333.33,ussd
T90370,L1062,2026-02-14,118000.0,bank_transfer
T90471,L1086,2025-12-22,241666.67,bank_transfer
T90770,L1127,2025-08-20,45416.67,card
T91140,L1192,2026-04-05,110833.33,card
T91160,L1195,2025-06-08,31666.67,card
T90346,L1060,2025-07-27,36944.44,card
T91054,L1177,2026-02-16,325000.0,card
T91097,L1186,2025-07-16,49166.67,card
T90560,L1097,2025-11-12,33333.33,card
T90924,L1155,2026-03-06,325000.0,ussd
T90599,L1102,2025-02-05,85000.0,direct_debit
T90243,L1039,2026-03-08,38611.11,direct_debit
T91131,L1192,2025-07-09,110833.33,direct_debit
T90514,L1093,2026-03-14,129444.44,bank_transfer
T95005,L1123,2026-04-01,189166.67,direct_debit
T91196,L1200,2025-11-13,252222.22,card
T91080,L1184,2025-11-25,388333.33,card
T91378,L1231,2025-11-05,32361.11,card
T95003,L1124,2026-01-16,77222.22,ussd
T90481,L1087,2026-05-16,47083.33,ussd
T91110,L1187,2026-04-26,63333.33,bank_transfer
T90054,L1006,2026-05-26,370000.0,direct_debit
T90867,L1145,2026-01-24,210000.0,card
T91141,L1192,2026-03-30,110833.33,bank_transfer
T90312,L1053,2025-12-06,170000.0,direct_debit
T90968,L1161,2026-03-19,30000.0,bank_transfer
T90109,L1017,2026-03-27,81250.0,bank_transfer
T90938,L1157,2025-11-19,60000.0,ussd
T90100,L1016,2025-12-21,98333.33,direct_debit
T91208,L1203,2025-12-27,152500.0,card
T90634,L1105,2025-10-21,545000.0,direct_debit
T90266,L1044,2025-10-14,170000.0,card
T90643,L1108,2026-04-22,120000.0,card
T90296,L1048,2025-08-15,16666.67,card
T91098,L1186,2025-08-15,49166.67,direct_debit
T90894,L1151,2025-09-24,110833.33,card
T90674,L1112,2026-01-10,17638.89,bank_transfer
T90377,L1063,2025-11-30,129444.44,ussd
T90286,L1046,2026-05-25,55416.67,bank_transfer
T91394,L1232,2026-04-19,77222.22,direct_debit
T90691,L1114,2026-03-02,157500.0,bank_transfer
T90126,L1023,2026-02-25,63055.56,bank_transfer
T90885,L1148,2026-05-10,26250.0,ussd
T90292,L1048,2025-04-23,16666.67,card
T90862,L1144,2026-03-29,73750.0,card
T98002,L9003,2026-05-16,60000.0,ussd
T90428,L1074,2026-03-30,47500.0,card
T90355,L1060,2026-04-26,36944.44,direct_debit
T90170,L1028,2026-03-11,210000.0,bank_transfer
T90898,L1151,2026-01-12,110833.33,direct_debit
T90398,L1069,2026-03-13,315000.0,bank_transfer
T95001,L1038,2025-12-10,76250.0,card
T90209,L1034,2025-11-30,76250.0,bank_transfer
T90479,L1087,2026-03-18,47083.33,direct_debit
T90140,L1025,2026-05-18,73888.89,bank_transfer
T91293,L1220,2025-09-14,19305.56,card
T91083,L1184,2026-02-22,388333.33,card
T90617,L1103,2026-02-05,100000.0,ussd
T91022,L1169,2025-11-29,50833.33,ussd
T90651,L1110,2025-04-27,191666.67,card
T90522,L1094,2025-07-30,105000.0,ussd
T90490,L1088,2025-11-17,25416.67,bank_transfer
T90199,L1032,2026-04-03,54166.67,card
T91422,L1237,2026-01-13,265555.56,bank_transfer
T91181,L1198,2026-01-09,383333.33,card
T90669,L1111,2026-03-10,19305.56,card
T90958,L1161,2025-05-20,30000.0,card
T90453,L1080,2026-04-20,216666.67,card
T90010,L1000,2025-12-22,152500.0,ussd
T90147,L1026,2025-12-29,40277.78,card
T90682,L1113,2026-01-22,138750.0,ussd
T90282,L1046,2026-01-21,55416.67,direct_debit
T90298,L1049,2025-08-21,113333.33,ussd
T90583,L1100,2025-12-02,63333.33,ussd
T90291,L1048,2025-04-06,16666.67,ussd
T90482,L1088,2025-03-18,25416.67,direct_debit
T91103,L1186,2026-01-15,49166.67,card
T91007,L1167,2026-05-28,210000.0,card
T90527,L1094,2025-12-27,105000.0,direct_debit
T90736,L1122,2025-09-16,78750.0,card
T90129,L1024,2025-11-11,555000.0,card
T90551,L1096,2025-11-15,85000.0,bank_transfer
T90331,L1058,2025-04-29,49166.67,ussd
T90323,L1056,2026-02-16,180000.0,bank_transfer
T91295,L1220,2025-11-12,19305.56,ussd
T90433,L1075,2026-04-18,383333.33,bank_transfer
T90535,L1095,2025-10-18,180000.0,direct_debit
T90135,L1025,2025-09-09,73888.89,direct_debit
T90757,L1124,2026-01-16,77222.22,ussd
T90561,L1097,2026-01-10,33333.33,ussd
T91415,L1236,2025-04-14,68055.56,card
T90435,L1077,2025-06-10,46250.0,ussd
T91289,L1219,2026-04-04,194166.67,direct_debit
T90622,L1104,2025-10-11,161111.11,direct_debit
T90591,L1101,2025-10-24,15833.33,ussd
T90630,L1105,2025-06-19,545000.0,bank_transfer
T90158,L1027,2025-08-04,56666.67,direct_debit
T91167,L1195,2026-01-10,31666.67,card
T91253,L1215,2025-07-19,115833.33,card
T90813,L1137,2026-04-21,25416.67,card
T90907,L1152,2026-02-20,210000.0,ussd
T90733,L1122,2025-06-18,78750.0,card
T91278,L1217,2026-04-01,32361.11,direct_debit
T91355,L1227,2025-12-08,32361.11,card
T91092,L1186,2025-02-16,49166.67,bank_transfer
T91027,L1169,2026-04-27,50833.33,ussd
T91023,L1169,2025-12-28,50833.33,ussd
T91004,L1166,2026-04-25,73888.89,bank_transfer
T91201,L1201,2025-08-07,376666.67,card
T90464,L1084,2026-05-06,115833.33,ussd
T90438,L1077,2025-09-08,46250.0,direct_debit
T90462,L1084,2026-03-07,46333.33,card
T90096,L1015,2025-10-16,162500.0,ussd
T91405,L1235,2025-10-09,31666.67,ussd
T91176,L1197,2026-02-22,18472.22,direct_debit
T90990,L1165,2025-07-12,66666.67,bank_transfer
T91304,L1221,2025-04-15,97083.33,ussd
T90410,L1071,2026-04-18,305000.0,bank_transfer
T90607,L1102,2025-10-03,85000.0,direct_debit
T90578,L1100,2025-07-07,63333.33,ussd
T90156,L1027,2025-06-06,56666.67,direct_debit
T90590,L1101,2025-09-29,15833.33,card
T90613,L1102,2026-04-06,85000.0,card
T90447,L1079,2025-12-16,35277.78,card
T90780,L1129,2026-05-12,20138.89,bank_transfer
T90855,L1144,2025-08-26,73750.0,ussd
T90494,L1089,2026-03-23,231666.67,ussd
T90390,L1066,2026-05-29,272500.0,ussd
T90596,L1101,2026-04-30,15833.33,ussd
T90841,L1142,2026-04-12,216666.67,ussd
T91250,L1215,2025-04-19,115833.33,direct_debit
T90478,L1087,2026-02-19,47083.33,ussd
T90756,L1124,2025-12-12,77222.22,card
T90552,L1096,2025-12-13,85000.0,bank_transfer
T91261,L1215,2026-04-19,115833.33,bank_transfer
T90497,L1090,2025-05-05,383333.33,direct_debit
T90308,L1053,2025-08-07,170000.0,ussd
T90461,L1084,2026-02-03,115833.33,card
T90679,L1113,2025-10-21,138750.0,card
T91418,L1236,2025-07-16,68055.56,ussd
T90602,L1102,2025-05-07,85000.0,direct_debit
T91197,L1200,2025-12-30,252222.22,ussd
T90973,L1162,2025-09-12,191666.67,bank_transfer
T90817,L1138,2025-11-11,33333.33,bank_transfer
T90993,L1165,2025-10-09,66666.67,ussd
T90745,L1123,2026-04-01,189166.67,direct_debit
T90352,L1060,2026-01-23,36944.44,direct_debit
T90704,L1116,2026-05-05,73888.89,direct_debit
T90124,L1023,2025-12-22,63055.56,ussd
T90178,L1029,2025-08-18,77222.22,bank_transfer
T90287,L1047,2026-02-22,94583.33,ussd
T91401,L1234,2026-04-30,136250.0,card
T91202,L1201,2025-09-04,376666.67,bank_transfer
T90294,L1048,2025-06-08,16666.67,card
T90327,L1057,2025-05-19,376666.67,card
T90670,L1111,2026-04-10,19305.56,bank_transfer
T91084,L1184,2026-03-13,388333.33,bank_transfer
T90614,L1102,2026-05-03,85000.0,card
T90923,L1155,2026-02-22,325000.0,card
T90236,L1039,2025-08-12,38611.11,card
T90088,L1013,2026-05-24,147777.78,direct_debit
T90962,L1161,2025-09-21,30000.0,ussd
T90964,L1161,2025-11-17,30000.0,card
T90548,L1096,2025-08-12,85000.0,direct_debit
T91001,L1166,2026-02-15,73888.89,ussd
T91346,L1226,2026-04-26,38611.11,card
T91316,L1223,2026-03-16,138750.0,direct_debit
T90660,L1111,2025-06-12,19305.56,card
T90893,L1151,2025-09-03,110833.33,bank_transfer
T90290,L1047,2026-05-23,94583.33,direct_debit
T91376,L1230,2026-05-04,126666.67,ussd
T90566,L1098,2025-11-12,19305.56,bank_transfer
T90348,L1060,2025-09-23,36944.44,direct_debit
T91305,L1221,2025-05-14,97083.33,bank_transfer
T91370,L1230,2025-11-05,126666.67,card
T90811,L1136,2026-04-06,108333.33,direct_debit
T90570,L1099,2026-03-26,136111.11,bank_transfer
T90458,L1083,2026-02-14,66666.67,direct_debit
T90997,L1165,2026-02-08,66666.67,card
T90333,L1058,2025-06-08,49166.67,bank_transfer
T90715,L1118,2025-05-15,575000.0,bank_transfer
T91283,L1218,2025-09-07,408333.33,ussd
T90672,L1112,2025-11-05,17638.89,bank_transfer
T91348,L1227,2025-05-10,32361.11,bank_transfer
T90328,L1057,2025-06-22,376666.67,ussd
T90318,L1054,2026-05-20,188333.33,bank_transfer
T91116,L1188,2026-03-07,325000.0,ussd
T90901,L1151,2026-04-17,110833.33,card
T90012,L1001,2025-04-03,63333.33,ussd
T90171,L1028,2026-04-10,210000.0,card
T90260,L1041,2025-08-17,129444.44,ussd
T90772,L1127,2025-11-30,45416.67,card
T90812,L1136,2026-05-08,108333.33,bank_transfer
T90861,L1144,2026-02-28,73750.0,direct_debit
T90138,L1025,2026-03-07,73888.89,bank_transfer
T90582,L1100,2025-10-17,63333.33,bank_transfer
T90967,L1161,2026-02-20,30000.0,bank_transfer
T90807,L1136,2025-12-08,108333.33,direct_debit
T90139,L1025,2026-04-29,73888.89,direct_debit
T91270,L1216,2026-03-25,126666.67,card
T90824,L1139,2025-10-13,54166.67,direct_debit
T90224,L1036,2026-05-16,272222.22,card
T90558,L1097,2025-10-06,33333.33,ussd
T90409,L1071,2026-03-29,305000.0,ussd
T90325,L1057,2025-03-18,376666.67,card
T90299,L1049,2025-09-21,113333.33,ussd
T90836,L1140,2025-09-04,68055.56,ussd
T91244,L1210,2026-06-01,18472.22,card
T91079,L1184,2025-10-13,388333.33,direct_debit
T91349,L1227,2025-06-08,32361.11,direct_debit
T91066,L1178,2026-03-10,90000.0,direct_debit
T90843,L1143,2025-06-16,77222.22,direct_debit
T90503,L1091,2025-10-21,216666.67,ussd
T91398,L1234,2026-01-29,136250.0,direct_debit
T90003,L1000,2025-05-21,152500.0,bank_transfer
T90707,L1117,2025-07-07,105000.0,card
T90467,L1085,2026-04-09,170000.0,card
T90321,L1056,2025-12-28,180000.0,card
T90005,L1000,2025-07-23,152500.0,ussd
T91124,L1191,2025-02-28,47916.67,card
T90983,L1164,2026-03-28,398333.33,bank_transfer
T91285,L1218,2025-11-08,408333.33,ussd
T90039,L1004,2025-06-18,575000.0,direct_debit
T90542,L1095,2026-05-18,180000.0,direct_debit
T90242,L1039,2026-02-12,38611.11,ussd
T90136,L1025,2025-12-29,73888.89,ussd
T90573,L1100,2025-01-18,63333.33,card
T90782,L1130,2026-02-28,99583.33,card
T91229,L1208,2026-02-13,154444.44,card
T91317,L1223,2026-04-23,92500.0,ussd
T91324,L1224,2025-12-10,136111.11,card
T90994,L1165,2025-11-09,66666.67,card
T90746,L1123,2026-05-27,189166.67,card
T91347,L1226,2026-05-06,38611.11,direct_debit
T90376,L1063,2025-11-16,129444.44,card
T90314,L1053,2026-02-09,170000.0,direct_debit
T90442,L1078,2026-03-01,99583.33,ussd
T90319,L1056,2025-11-15,180000.0,ussd
T91042,L1175,2026-05-10,94583.33,card
T91052,L1177,2025-12-12,325000.0,card
T90424,L1074,2025-11-29,47500.0,direct_debit
T90553,L1096,2026-01-15,85000.0,direct_debit
T90845,L1143,2025-08-14,77222.22,ussd
T91133,L1192,2025-08-18,110833.33,ussd
T91179,L1197,2026-05-26,18472.22,bank_transfer
T91350,L1227,2025-07-11,32361.11,bank_transfer
T90227,L1038,2026-01-15,76250.0,ussd
T90798,L1132,2026-04-25,102083.33,direct_debit
T90765,L1126,2026-02-17,35277.78,card
T90925,L1155,2026-04-28,325000.0,ussd
T91113,L1188,2025-12-08,325000.0,ussd
T90066,L1008,2025-11-09,378333.33,ussd
T91088,L1185,2025-05-03,138750.0,ussd
T90579,L1100,2025-08-11,63333.33,bank_transfer
T90934,L1157,2025-07-18,60000.0,bank_transfer
T90211,L1034,2026-01-30,76250.0,ussd
T91287,L1219,2026-01-30,194166.67,ussd
T91063,L1178,2025-12-23,90000.0,card
T90536,L1095,2025-11-17,180000.0,bank_transfer
T90677,L1112,2026-05-07,17638.89,bank_transfer
T91204,L1202,2026-04-15,15000.0,direct_debit
T90085,L1012,2025-09-14,287500.0,card
T91308,L1221,2025-08-29,97083.33,card
T90966,L1161,2026-01-17,30000.0,direct_debit
T91010,L1168,2025-08-27,154444.44,card
T90626,L1104,2026-03-04,161111.11,card
T91309,L1221,2025-09-24,97083.33,direct_debit
T90987,L1165,2025-04-11,66666.67,bank_transfer
T91357,L1228,2026-02-26,15833.33,direct_debit
T90941,L1157,2026-02-15,60000.0,ussd
T90273,L1046,2025-04-24,55416.67,direct_debit
T91280,L1218,2025-06-07,408333.33,card
T90362,L1062,2025-06-12,295000.0,ussd
T90002,L1000,2025-04-21,152500.0,card
T90006,L1000,2025-08-25,152500.0,bank_transfer
T90311,L1053,2025-11-10,170000.0,bank_transfer
T90628,L1104,2026-05-12,161111.11,ussd
T90888,L1149,2025-09-11,77222.22,direct_debit
T91433,L1239,2025-02-21,76250.0,direct_debit
T90215,L1035,2025-09-09,152500.0,ussd
T91284,L1218,2025-10-14,408333.33,bank_transfer
T90027,L1002,2025-12-06,210000.0,bank_transfer
T91050,L1176,2025-10-09,25416.67,bank_transfer
T90818,L1138,2025-10-26,33333.33,direct_debit
T91268,L1216,2026-01-25,126666.67,card
T90711,L1117,2025-11-07,105000.0,bank_transfer
T90778,L1129,2026-03-12,20138.89,card
T90624,L1104,2025-12-31,161111.11,direct_debit
T91043,L1176,2025-02-09,25416.67,ussd
T90256,L1041,2025-04-19,129444.44,bank_transfer
T90025,L1001,2026-05-06,63333.33,card
T90336,L1059,2025-09-16,120833.33,ussd
T90572,L1099,2026-05-26,136111.11,ussd
T90047,L1005,2025-09-25,189166.67,card
T90106,L1017,2025-12-04,81250.0,direct_debit
T90349,L1060,2025-10-25,36944.44,bank_transfer
T90055,L1007,2025-10-08,161111.11,direct_debit
T90829,L1140,2025-02-05,68055.56,card
T90213,L1035,2025-07-12,152500.0,card
T90120,L1022,2026-04-15,325000.0,direct_debit
T91193,L1200,2025-08-15,252222.22,ussd
T91058,L1178,2025-06-25,90000.0,card
T90072,L1009,2025-09-08,152500.0,bank_transfer
T90737,L1122,2025-10-20,78750.0,bank_transfer
T91101,L1186,2025-11-17,49166.67,card
T90045,L1005,2025-07-25,189166.67,ussd
T91245,L1212,2025-11-07,45000.0,direct_debit
T90523,L1094,2025-08-30,105000.0,ussd
T90820,L1139,2025-06-22,54166.67,direct_debit
T91424,L1237,2026-02-25,265555.56,direct_debit
T91164,L1195,2025-10-10,31666.67,bank_transfer
T90781,L1130,2026-01-27,39833.33,ussd
T90533,L1095,2025-08-19,180000.0,card
T90603,L1102,2025-06-04,85000.0,card
T90465,L1085,2026-03-08,170000.0,direct_debit
T91436,L1239,2025-05-22,76250.0,direct_debit
T95000,L1165,2025-09-12,66666.67,ussd
T90945,L1158,2025-05-05,51041.67,bank_transfer
T91385,L1232,2025-07-17,77222.22,card
T90060,L1007,2026-03-08,161111.11,ussd
T90092,L1014,2026-03-19,98333.33,ussd
T91168,L1195,2026-02-08,31666.67,card
T90194,L1031,2026-04-04,49166.67,bank_transfer
T90280,L1046,2025-11-23,55416.67,ussd
T90359,L1062,2025-03-13,295000.0,direct_debit
T90519,L1094,2025-04-29,105000.0,direct_debit
T90767,L1126,2026-04-16,35277.78,card
T91222,L1205,2026-05-05,98333.33,direct_debit
T90182,L1029,2025-12-22,77222.22,ussd
T90979,L1163,2026-02-21,64722.22,ussd
T90110,L1017,2026-04-21,81250.0,ussd
T90042,L1005,2025-04-23,189166.67,card
T90865,L1145,2025-11-20,210000.0,ussd
T90204,L1034,2025-06-28,76250.0,bank_transfer
T91090,L1185,2025-06-09,138750.0,ussd
T90052,L1006,2026-03-25,370000.0,bank_transfer
T90545,L1096,2025-05-14,85000.0,card
T90937,L1157,2025-10-15,60000.0,ussd
T90846,L1143,2025-09-17,77222.22,card
T90808,L1136,2026-01-06,108333.33,ussd
T91314,L1222,2025-12-05,52916.67,card
T90183,L1029,2026-01-03,77222.22,bank_transfer
T90137,L1025,2026-02-21,73888.89,card
T90918,L1153,2026-03-30,14166.67,card
T90080,L1009,2026-05-05,152500.0,card
T91174,L1197,2025-12-24,18472.22,ussd
T90105,L1016,2026-05-19,98333.33,bank_transfer
T90541,L1095,2026-04-16,180000.0,direct_debit
T90700,L1116,2026-01-10,73888.89,card
T90480,L1087,2026-04-19,47083.33,direct_debit
T90165,L1027,2026-03-04,56666.67,ussd
T90248,L1040,2025-10-09,100000.0,direct_debit
T90307,L1049,2026-05-18,113333.33,ussd
T90446,L1079,2025-10-31,35277.78,direct_debit
T90706,L1117,2025-04-27,105000.0,bank_transfer
T90334,L1058,2025-06-27,49166.67,bank_transfer
T90097,L1015,2025-12-24,162500.0,ussd
T90718,L1119,2026-03-23,147777.78,bank_transfer
T90788,L1131,2026-03-05,132777.78,ussd
T90892,L1150,2026-05-17,231666.67,card
T90102,L1016,2026-02-19,98333.33,card
T90434,L1077,2025-05-10,46250.0,card
T90999,L1165,2026-04-10,66666.67,card
T91299,L1220,2026-03-13,19305.56,ussd
T91259,L1215,2026-01-23,115833.33,ussd
T91318,L1223,2026-05-18,92500.0,bank_transfer
T90302,L1049,2025-12-21,113333.33,ussd
T91223,L1207,2026-04-25,265555.56,card
T91185,L1198,2026-05-09,383333.33,direct_debit
T90388,L1065,2026-03-07,30000.0,ussd
T90235,L1039,2025-07-10,38611.11,direct_debit
T91206,L1203,2025-10-28,152500.0,ussd
T90267,L1044,2025-11-16,170000.0,card
T90305,L1049,2026-03-21,113333.33,ussd
T90117,L1021,2025-12-03,47916.67,bank_transfer
T91173,L1197,2025-11-25,18472.22,ussd
T90673,L1112,2025-11-14,17638.89,ussd
T90249,L1040,2025-12-04,100000.0,bank_transfer
T91209,L1203,2026-01-28,152500.0,bank_transfer
T91047,L1176,2025-06-27,25416.67,direct_debit
T90071,L1008,2026-04-09,378333.33,ussd
T90094,L1014,2026-05-10,98333.33,ussd
T90799,L1132,2026-05-22,102083.33,bank_transfer
T90033,L1003,2026-04-21,47500.0,direct_debit
T91067,L1178,2026-04-19,90000.0,card
T90448,L1079,2025-12-18,35277.78,ussd
T90445,L1079,2025-09-13,35277.78,ussd
T90716,L1118,2025-06-23,575000.0,ussd
T90838,L1141,2026-03-04,60416.67,bank_transfer
T91107,L1187,2026-01-26,63333.33,ussd
T90852,L1143,2026-03-15,77222.22,card
T90989,L1165,2025-06-11,66666.67,bank_transfer
T90077,L1009,2026-02-04,152500.0,bank_transfer
T90084,L1012,2025-08-07,287500.0,direct_debit
T90874,L1147,2025-10-10,94166.67,direct_debit
T90082,L1011,2026-05-18,66666.67,bank_transfer
T90457,L1083,2026-02-13,66666.67,bank_transfer
T90869,L1145,2026-03-21,210000.0,ussd
T90676,L1112,2026-04-08,17638.89,ussd
T90930,L1156,2025-12-16,49166.67,card
T91178,L1197,2026-04-26,18472.22,ussd
T90436,L1077,2025-07-10,46250.0,direct_debit
T90644,L1108,2026-05-23,120000.0,card
T90774,L1128,2026-03-03,33194.44,ussd
T91423,L1237,2026-01-21,265555.56,direct_debit
T91156,L1194,2026-01-10,191666.67,direct_debit
T90404,L1070,2026-01-02,191666.67,card
T91313,L1222,2025-10-15,52916.67,direct_debit
T91087,L1185,2025-03-31,138750.0,card
T90936,L1157,2025-09-18,60000.0,card
T90104,L1016,2026-04-19,98333.33,card
T90609,L1102,2025-12-04,85000.0,direct_debit
T90806,L1135,2026-05-29,295000.0,card
T90985,L1164,2026-05-27,398333.33,bank_transfer
T90881,L1148,2026-01-10,26250.0,ussd
T90062,L1007,2026-05-05,161111.11,direct_debit
T90281,L1046,2025-12-22,55416.67,card
T91326,L1224,2026-02-09,136111.11,card
T90238,L1039,2025-10-11,38611.11,direct_debit
T90223,L1036,2026-04-15,272222.22,ussd
T90145,L1026,2025-10-04,40277.78,ussd
T91356,L1227,2026-01-08,32361.11,ussd
T90373,L1063,2025-07-20,129444.44,direct_debit
T90118,L1022,2026-03-07,325000.0,direct_debit
T91091,L1185,2025-07-24,138750.0,direct_debit
T90250,L1040,2025-12-25,100000.0,card
T91400,L1234,2026-03-27,136250.0,card
T90009,L1000,2025-11-22,152500.0,bank_transfer
T90449,L1079,2026-01-27,35277.78,direct_debit
T90708,L1117,2025-07-26,105000.0,direct_debit
T90255,L1041,2025-03-17,129444.44,bank_transfer
T90593,L1101,2026-01-28,15833.33,direct_debit
T90389,L1065,2026-04-29,30000.0,card
T90906,L1152,2026-01-21,210000.0,direct_debit
T91351,L1227,2025-08-09,32361.11,bank_transfer
T90557,L1096,2026-05-13,85000.0,card
T91265,L1216,2025-11-11,126666.67,card
T91037,L1170,2025-10-02,99583.33,card
T90460,L1084,2026-01-05,115833.33,card
T90723,L1120,2025-07-16,272222.22,bank_transfer
T91340,L1226,2025-10-19,38611.11,card
T90144,L1026,2025-09-08,40277.78,direct_debit
T90501,L1090,2025-09-22,383333.33,bank_transfer
T91065,L1178,2026-02-15,90000.0,ussd
T90739,L1122,2025-12-19,78750.0,card
T91343,L1226,2025-12-29,38611.11,direct_debit
T90731,L1122,2025-04-18,78750.0,card
T90539,L1095,2026-02-17,180000.0,direct_debit
T90177,L1029,2025-07-18,77222.22,direct_debit
T91402,L1235,2025-07-10,31666.67,ussd
T90697,L1116,2025-09-16,73888.89,direct_debit
T90933,L1157,2025-06-15,60000.0,bank_transfer
T91214,L1204,2025-06-01,73750.0,card
T91121,L1189,2026-04-13,30000.0,ussd
T90942,L1157,2026-03-16,60000.0,ussd
T95002,L1088,2025-05-20,25416.67,bank_transfer
T90007,L1000,2025-09-21,152500.0,card
T90834,L1140,2025-07-06,68055.56,direct_debit
T90667,L1111,2026-01-11,19305.56,direct_debit
T91440,L1239,2025-09-21,76250.0,bank_transfer
T90357,L1061,2026-04-24,200000.0,ussd
T90783,L1130,2026-03-24,99583.33,ussd
T90982,L1163,2026-05-20,64722.22,card
T90329,L1057,2025-07-19,376666.67,card
T91024,L1169,2026-01-25,50833.33,bank_transfer
T91111,L1187,2026-05-23,63333.33,card
T91421,L1236,2025-10-13,68055.56,bank_transfer
T90258,L1041,2025-06-19,129444.44,ussd
T91138,L1192,2025-12-27,110833.33,direct_debit
T90372,L1063,2025-07-19,129444.44,direct_debit
T91070,L1179,2025-05-18,138750.0,bank_transfer
T90875,L1147,2025-11-08,94166.67,ussd
T90142,L1026,2025-07-23,40277.78,direct_debit
T90525,L1094,2025-10-29,105000.0,direct_debit
T91102,L1186,2025-12-16,49166.67,card
T90952,L1158,2025-12-02,34027.78,card
T91352,L1227,2025-09-07,32361.11,ussd
T91381,L1231,2026-02-07,32361.11,bank_transfer
T90440,L1078,2025-11-30,99583.33,ussd
T90531,L1095,2025-06-18,180000.0,ussd
T91163,L1195,2025-09-10,31666.67,direct_debit
T90226,L1038,2025-12-10,76250.0,card
T95004,L1046,2026-01-21,55416.67,direct_debit
T90228,L1038,2026-02-21,76250.0,card
T91240,L1209,2026-01-13,113333.33,card
T91258,L1215,2025-12-13,115833.33,ussd
T90212,L1034,2026-02-26,76250.0,ussd
T90079,L1009,2026-04-07,152500.0,bank_transfer
T90148,L1026,2026-02-25,40277.78,bank_transfer
T90814,L1137,2026-05-23,25416.67,ussd
T91301,L1220,2026-05-13,19305.56,ussd
T91235,L1209,2025-08-18,113333.33,ussd
T90671,L1111,2026-05-10,19305.56,bank_transfer
T91118,L1188,2026-05-11,325000.0,bank_transfer
T90555,L1096,2026-03-14,85000.0,card
T90858,L1144,2025-11-25,73750.0,direct_debit
T90133,L1024,2026-03-11,555000.0,ussd
T91074,L1179,2025-09-16,138750.0,ussd
T90823,L1139,2025-09-17,54166.67,card
T90408,L1071,2026-02-15,305000.0,card
T90974,L1162,2025-10-24,191666.67,card
T90507,L1091,2026-02-22,216666.67,ussd
T91144,L1193,2025-07-31,90000.0,ussd
T90504,L1091,2025-11-19,216666.67,ussd
T90978,L1163,2026-01-22,64722.22,bank_transfer
T90347,L1060,2025-08-24,36944.44,ussd
T90386,L1065,2026-01-11,30000.0,direct_debit
T90000,L1000,2025-02-23,152500.0,ussd
T90360,L1062,2025-04-11,295000.0,direct_debit
T90828,L1140,2025-01-03,68055.56,ussd
T91373,L1230,2026-02-06,126666.67,ussd
T90475,L1086,2026-04-22,241666.67,bank_transfer
T91325,L1224,2026-01-11,136111.11,direct_debit
T90057,L1007,2025-12-09,161111.11,direct_debit
T90637,L1106,2026-04-21,200000.0,bank_transfer
T91412,L1235,2026-05-08,31666.67,direct_debit
T91018,L1168,2026-03-27,154444.44,direct_debit
T91005,L1167,2026-03-27,210000.0,ussd
T90172,L1028,2026-05-11,210000.0,direct_debit
T90450,L1079,2026-02-14,35277.78,bank_transfer
T90125,L1023,2026-01-28,63055.56,card
T90926,L1155,2026-04-14,325000.0,ussd
T90530,L1095,2025-05-19,180000.0,bank_transfer
T90857,L1144,2025-10-26,73750.0,card
T90713,L1117,2025-12-03,105000.0,card
T90090,L1014,2026-01-17,98333.33,card
T91406,L1235,2025-11-10,31666.67,bank_transfer
T90181,L1029,2025-11-21,77222.22,card
T90953,L1158,2026-01-02,34027.78,card
T90786,L1131,2026-01-07,132777.78,ussd
T90414,L1073,2025-10-29,287500.0,ussd
T90251,L1040,2026-01-08,100000.0,ussd
T90069,L1008,2026-02-12,378333.33,direct_debit
T90803,L1133,2026-05-12,221666.67,bank_transfer
T90131,L1024,2026-01-13,555000.0,ussd
T90300,L1049,2025-10-17,113333.33,card
T90970,L1161,2026-05-21,30000.0,direct_debit
T90326,L1057,2025-04-18,376666.67,ussd
T91420,L1236,2025-09-13,68055.56,ussd
T91078,L1184,2025-10-13,388333.33,direct_debit
T90499,L1090,2025-07-30,383333.33,card
T91329,L1225,2025-05-05,126111.11,direct_debit
T90832,L1140,2025-05-05,68055.56,bank_transfer
T90364,L1062,2025-08-13,295000.0,card
T90495,L1089,2026-05-06,231666.67,ussd
T91353,L1227,2025-10-10,32361.11,card
T90338,L1059,2025-11-17,120833.33,ussd
T90421,L1074,2025-08-28,47500.0,direct_debit
T90164,L1027,2026-02-04,56666.67,card
T90028,L1002,2026-01-04,210000.0,ussd
T90516,L1093,2026-05-11,129444.44,card
T90193,L1031,2026-03-06,49166.67,direct_debit
T90988,L1165,2025-05-08,66666.67,direct_debit
T91320,L1224,2025-08-09,136111.11,direct_debit
T91319,L1224,2025-07-09,136111.11,ussd
T90169,L1028,2026-02-10,210000.0,bank_transfer
T90167,L1027,2026-05-04,56666.67,direct_debit
T90652,L1110,2025-05-24,191666.67,card
T90173,L1029,2025-03-24,77222.22,bank_transfer
T90518,L1094,2025-03-27,105000.0,direct_debit
T91175,L1197,2026-01-23,18472.22,direct_debit
T91311,L1222,2025-09-01,52916.67,ussd
T90491,L1088,2025-12-16,25416.67,card
T90073,L1009,2025-10-04,152500.0,ussd
T91213,L1203,2026-05-28,152500.0,ussd
T90587,L1100,2026-03-28,63333.33,card
T90750,L1124,2025-06-15,77222.22,ussd
T90657,L1111,2025-03-10,19305.56,ussd
T90842,L1142,2026-05-12,216666.67,ussd
T90234,L1039,2025-06-09,38611.11,bank_transfer
T90732,L1122,2025-05-19,78750.0,direct_debit
T90214,L1035,2025-08-24,152500.0,card
T90162,L1027,2025-12-04,56666.67,card
T90132,L1024,2026-02-10,555000.0,card
T91336,L1226,2025-05-27,38611.11,ussd
T90222,L1036,2026-03-15,272222.22,card
T91188,L1199,2025-09-02,282500.0,card
T90185,L1029,2026-03-05,77222.22,direct_debit
T90041,L1005,2025-03-24,189166.67,ussd
T90692,L1114,2026-03-29,157500.0,ussd
T90108,L1017,2026-02-14,81250.0,bank_transfer
T90038,L1004,2025-05-17,575000.0,card
T90568,L1098,2026-01-19,19305.56,ussd
T90939,L1157,2025-12-18,60000.0,card
T91227,L1208,2025-12-14,154444.44,ussd
T91397,L1234,2025-12-27,136250.0,ussd
T90483,L1088,2025-04-18,25416.67,bank_transfer
T90468,L1086,2025-09-23,241666.67,ussd
T90890,L1149,2025-10-26,77222.22,card
T90024,L1001,2026-04-07,63333.33,ussd
T91358,L1228,2026-03-28,15833.33,card
T90984,L1164,2026-04-27,398333.33,direct_debit
T90068,L1008,2026-01-12,378333.33,bank_transfer
T90884,L1148,2026-04-13,26250.0,bank_transfer
T91225,L1208,2025-10-15,154444.44,card
T90366,L1062,2025-10-15,295000.0,bank_transfer
T90505,L1091,2025-12-18,216666.67,bank_transfer
T90850,L1143,2026-01-15,77222.22,card
T91372,L1230,2026-01-03,126666.67,ussd
T90383,L1065,2025-10-23,30000.0,direct_debit
T90734,L1122,2025-07-20,78750.0,ussd
T90717,L1119,2026-02-21,147777.78,ussd
T91374,L1230,2026-03-05,126666.67,bank_transfer
T90454,L1080,2026-04-09,216666.67,ussd
T90264,L1043,2026-05-28,170000.0,direct_debit
T90075,L1009,2025-12-07,152500.0,bank_transfer
T90914,L1153,2025-12-01,14166.67,card
T90232,L1039,2025-04-08,38611.11,card
T90444,L1078,2026-04-04,99583.33,card
T90395,L1067,2026-01-07,188333.33,ussd
T90611,L1102,2026-02-05,85000.0,direct_debit
T90176,L1029,2025-06-09,77222.22,ussd
T90018,L1001,2025-10-06,63333.33,bank_transfer
T91271,L1216,2026-04-20,126666.67,card
T91386,L1232,2025-08-18,77222.22,card
T90341,L1059,2026-02-17,120833.33,bank_transfer
T91377,L1231,2025-10-09,32361.11,bank_transfer
T90879,L1148,2025-11-09,26250.0,direct_debit
T90595,L1101,2026-03-22,15833.33,direct_debit
T90061,L1007,2026-04-06,161111.11,card
T91221,L1205,2026-04-04,98333.33,direct_debit
T90272,L1046,2025-03-23,55416.67,card
T91170,L1195,2026-04-07,31666.67,card
T90872,L1147,2025-08-09,94166.67,ussd
T91085,L1184,2026-05-10,388333.33,direct_debit
T91364,L1229,2026-02-05,143750.0,direct_debit
T90278,L1046,2025-09-21,55416.67,direct_debit
T91148,L1193,2025-12-08,135000.0,direct_debit
T90694,L1114,2026-05-29,157500.0,direct_debit
T90368,L1062,2025-12-12,295000.0,bank_transfer
T91339,L1226,2025-09-25,38611.11,ussd
T90036,L1004,2025-03-16,575000.0,card
T90735,L1122,2025-08-16,78750.0,direct_debit
T91291,L1220,2025-07-12,19305.56,bank_transfer
T90662,L1111,2025-08-11,19305.56,direct_debit
T91279,L1218,2025-05-11,408333.33,ussd
T91310,L1221,2025-10-13,97083.33,bank_transfer
T90977,L1163,2025-12-20,64722.22,bank_transfer
T90547,L1096,2025-07-12,85000.0,card
T91155,L1194,2025-12-13,191666.67,card
T90688,L1114,2025-11-27,157500.0,ussd
T90738,L1122,2025-11-17,78750.0,bank_transfer
T90191,L1030,2025-08-05,19305.56,bank_transfer
T90919,L1153,2026-04-29,14166.67,card
T90456,L1082,2026-05-17,31527.78,ussd
T90868,L1145,2026-03-15,210000.0,ussd
T90393,L1067,2025-11-05,188333.33,direct_debit
T90675,L1112,2026-03-10,17638.89,card
T90760,L1124,2026-04-13,77222.22,ussd
T91430,L1238,2025-11-03,136250.0,bank_transfer
T90728,L1121,2026-05-04,76250.0,direct_debit
T90419,L1074,2025-06-28,47500.0,ussd
T90375,L1063,2025-10-02,129444.44,bank_transfer
T90412,L1073,2025-08-26,287500.0,card
T90074,L1009,2025-11-08,152500.0,ussd
T91360,L1228,2026-05-28,15833.33,ussd
T91200,L1201,2025-07-06,376666.67,direct_debit
T90500,L1090,2025-08-01,383333.33,ussd
T90825,L1139,2025-11-20,54166.67,card
T90195,L1031,2026-05-06,49166.67,ussd
T91120,L1189,2026-03-13,30000.0,ussd
T90616,L1103,2026-01-04,100000.0,card
T90114,L1021,2025-09-02,47916.67,card
T90417,L1073,2026-01-26,287500.0,bank_transfer
T90601,L1102,2025-04-03,85000.0,card
T90969,L1161,2026-04-20,30000.0,ussd
T90921,L1155,2025-12-29,325000.0,ussd
T90604,L1102,2025-07-04,85000.0,direct_debit
T91393,L1232,2026-03-20,77222.22,direct_debit
T90089,L1014,2025-11-18,98333.33,direct_debit
T90848,L1143,2025-11-18,77222.22,bank_transfer
T91300,L1220,2026-04-12,19305.56,bank_transfer
T91389,L1232,2025-11-20,77222.22,card
T90753,L1124,2025-09-12,77222.22,ussd
T90498,L1090,2025-06-14,383333.33,card
T91205,L1202,2026-04-29,15000.0,ussd
T91441,L1239,2025-10-24,76250.0,bank_transfer
T91151,L1193,2026-03-21,90000.0,card
T91149,L1193,2026-02-23,90000.0,bank_transfer
T90011,L1000,2026-01-21,152500.0,card
T90396,L1067,2026-02-04,188333.33,direct_debit
T90284,L1046,2026-03-22,55416.67,bank_transfer
T90690,L1114,2026-01-30,157500.0,bank_transfer
T91191,L1199,2025-12-04,282500.0,ussd
T91361,L1229,2025-11-02,143750.0,direct_debit
T90689,L1114,2025-12-28,157500.0,ussd
T90851,L1143,2026-02-18,77222.22,bank_transfer
T90159,L1027,2025-09-05,56666.67,bank_transfer
T90895,L1151,2025-11-03,110833.33,direct_debit
T91354,L1227,2025-11-10,32361.11,card
T90257,L1041,2025-05-19,129444.44,ussd
T90335,L1059,2025-08-15,120833.33,direct_debit
T91365,L1229,2026-03-03,143750.0,card
T90515,L1093,2026-04-13,129444.44,direct_debit
T91015,L1168,2026-01-04,154444.44,direct_debit
T90768,L1126,2026-05-18,35277.78,card
T91276,L1217,2026-03-08,32361.11,bank_transfer
T90761,L1124,2026-05-15,77222.22,card
T91157,L1194,2026-01-25,191666.67,direct_debit
T90521,L1094,2025-06-30,105000.0,card
T90022,L1001,2026-02-04,63333.33,card
T90356,L1060,2026-05-27,36944.44,bank_transfer
T91232,L1208,2026-05-15,154444.44,card
T90340,L1059,2026-01-17,120833.33,direct_debit
T90431,L1075,2026-01-28,383333.33,card
T90473,L1086,2026-02-25,241666.67,bank_transfer
T90217,L1036,2025-10-13,272222.22,ussd
T90911,L1153,2025-08-30,14166.67,card
T91166,L1195,2025-12-09,31666.67,direct_debit
T91011,L1168,2025-08-22,154444.44,direct_debit
T91414,L1236,2025-03-13,68055.56,ussd
T90093,L1014,2026-04-06,98333.33,card
T91008,L1168,2025-06-15,154444.44,bank_transfer
T90696,L1115,2026-05-19,181666.67,card
T90996,L1165,2026-01-12,66666.67,card
T90153,L1027,2025-03-07,56666.67,card
T91260,L1215,2026-03-11,115833.33,ussd
T98001,L9002,2026-05-21,95000.0,card
T90789,L1131,2026-04-08,132777.78,ussd
T90580,L1100,2025-08-18,63333.33,bank_transfer
T90703,L1116,2026-04-09,73888.89,bank_transfer
T91219,L1205,2026-02-04,98333.33,card
T90487,L1088,2025-08-19,10166.67,ussd
T90559,L1097,2025-09-25,33333.33,ussd
T90801,L1133,2026-03-12,221666.67,card
T90512,L1092,2026-04-16,133333.33,ussd
T90633,L1105,2025-09-20,545000.0,card
T91296,L1220,2025-12-16,19305.56,ussd
T90790,L1131,2026-05-07,132777.78,bank_transfer
T90116,L1021,2025-11-02,47916.67,direct_debit
T90740,L1122,2026-01-18,78750.0,ussd
T90830,L1140,2025-03-06,68055.56,bank_transfer
T90119,L1022,2026-03-05,325000.0,bank_transfer
T90656,L1111,2025-02-09,19305.56,ussd
T90635,L1105,2025-11-21,545000.0,direct_debit
T90369,L1062,2026-01-14,295000.0,direct_debit
T90268,L1044,2025-10-29,170000.0,card
T90655,L1111,2025-01-12,19305.56,card
T90935,L1157,2025-08-16,60000.0,direct_debit
T90822,L1139,2025-08-22,54166.67,card
T90866,L1145,2026-01-13,210000.0,ussd
T90046,L1005,2025-08-23,189166.67,bank_transfer
T91251,L1215,2025-05-18,115833.33,ussd
T90991,L1165,2025-08-12,66666.67,direct_debit
T90876,L1148,2025-08-09,26250.0,ussd
T90773,L1127,2026-01-14,45416.67,ussd
T90004,L1000,2025-06-25,152500.0,bank_transfer
T91003,L1166,2026-03-21,73888.89,bank_transfer
T91262,L1215,2026-05-09,115833.33,direct_debit
T90263,L1041,2025-11-15,129444.44,card
T91146,L1193,2025-10-24,90000.0,ussd
T91328,L1225,2025-03-19,126111.11,direct_debit
T90443,L1078,2026-03-04,99583.33,ussd
T91002,L1166,2026-02-17,73888.89,bank_transfer
T91077,L1183,2026-04-11,204166.67,ussd
T90837,L1141,2026-02-22,60416.67,bank_transfer
T91298,L1220,2026-02-13,19305.56,ussd
T90304,L1049,2026-02-19,113333.33,bank_transfer
T91137,L1192,2025-11-28,110833.33,card
T90313,L1053,2026-01-10,170000.0,bank_transfer
T90149,L1026,2026-03-05,40277.78,card
T90574,L1100,2025-02-24,63333.33,bank_transfer
T90050,L1006,2026-01-26,370000.0,card
T91134,L1192,2025-09-24,110833.33,ussd
T90726,L1120,2025-10-14,272222.22,direct_debit
T90833,L1140,2025-06-07,68055.56,bank_transfer
T90470,L1086,2025-11-26,241666.67,ussd
T90971,L1162,2025-06-08,191666.67,ussd
T90653,L1110,2025-06-25,191666.67,direct_debit
T90399,L1069,2026-04-10,315000.0,card
T90511,L1092,2026-02-19,133333.33,bank_transfer
T90320,L1056,2025-11-28,180000.0,direct_debit
T90019,L1001,2025-11-07,63333.33,ussd
T90684,L1114,2025-07-27,157500.0,direct_debit
T90035,L1004,2025-02-19,575000.0,direct_debit
T90902,L1151,2026-04-29,110833.33,bank_transfer
T90827,L1139,2026-01-02,54166.67,ussd
T91303,L1221,2025-03-28,97083.33,direct_debit
T90407,L1071,2026-01-10,305000.0,ussd
T90920,L1153,2026-05-27,14166.67,direct_debit
T90537,L1095,2025-12-19,180000.0,bank_transfer
T90758,L1124,2026-02-13,77222.22,direct_debit
T91062,L1178,2025-11-16,90000.0,direct_debit
T90245,L1039,2026-05-12,38611.11,bank_transfer
T91127,L1191,2025-05-28,47916.67,ussd
T90784,L1130,2026-04-27,99583.33,bank_transfer
T90489,L1088,2025-10-18,25416.67,bank_transfer
T90154,L1027,2025-04-04,56666.67,direct_debit
T90961,L1161,2025-08-20,30000.0,direct_debit
T90853,L1143,2026-04-15,77222.22,bank_transfer
T90625,L1104,2026-01-13,161111.11,bank_transfer
T90685,L1114,2025-08-27,157500.0,direct_debit
T90569,L1099,2026-02-27,136111.11,card
T91384,L1231,2026-05-06,32361.11,direct_debit
T90017,L1001,2025-09-05,63333.33,direct_debit
T90127,L1023,2026-04-13,63055.56,card
T90927,L1156,2025-09-14,49166.67,ussd
T90980,L1163,2026-03-22,64722.22,ussd
T91425,L1237,2026-04-05,265555.56,direct_debit
T90190,L1030,2025-07-20,19305.56,direct_debit
T91139,L1192,2026-02-03,110833.33,card
T90992,L1165,2025-09-12,66666.67,ussd
T91419,L1236,2025-08-17,68055.56,direct_debit
T91212,L1203,2026-05-01,152500.0,ussd
T90606,L1102,2025-09-05,85000.0,direct_debit
T90180,L1029,2025-09-14,77222.22,card
T90301,L1049,2025-11-17,113333.33,bank_transfer
T90496,L1090,2025-04-09,383333.33,card
T91252,L1215,2025-06-04,115833.33,bank_transfer
T91216,L1204,2025-07-28,73750.0,ussd
T91198,L1201,2025-05-06,376666.67,ussd
T90517,L1094,2025-03-02,105000.0,bank_transfer
T91069,L1179,2025-04-17,138750.0,ussd
T90476,L1086,2026-05-22,241666.67,direct_debit
T90157,L1027,2025-07-04,56666.67,ussd
T90016,L1001,2025-08-07,63333.33,card
T91072,L1179,2025-07-20,138750.0,ussd
T90546,L1096,2025-06-12,85000.0,ussd
T90658,L1111,2025-04-12,19305.56,ussd
T91187,L1199,2025-08-02,282500.0,bank_transfer
T91019,L1168,2026-04-19,154444.44,direct_debit
T91217,L1204,2025-08-06,73750.0,bank_transfer
T90959,L1161,2025-06-17,30000.0,direct_debit
T91367,L1230,2025-08-05,126666.67,ussd
T90283,L1046,2026-02-21,55416.67,card
T90797,L1132,2026-03-23,102083.33,bank_transfer
T90225,L1038,2025-11-12,76250.0,ussd
T90026,L1002,2025-10-10,210000.0,bank_transfer
T90437,L1077,2025-08-12,46250.0,ussd
T91413,L1236,2025-02-15,68055.56,card
T90229,L1038,2026-03-19,76250.0,card
T90037,L1004,2025-04-18,575000.0,direct_debit
T90749,L1124,2025-05-14,77222.22,card
T91045,L1176,2025-04-04,25416.67,ussd
T90469,L1086,2025-10-24,241666.67,direct_debit
T91239,L1209,2025-12-30,113333.33,direct_debit
T91428,L1238,2025-07-31,136250.0,ussd
T90687,L1114,2025-10-29,157500.0,direct_debit
T91427,L1238,2025-07-02,136250.0,ussd
T90639,L1107,2025-06-21,100000.0,card
T91255,L1215,2025-08-31,115833.33,card
T91158,L1194,2026-03-05,191666.67,card
T91211,L1203,2026-03-29,152500.0,ussd
T91322,L1224,2025-10-10,136111.11,bank_transfer
T90800,L1133,2026-02-11,221666.67,ussd
T90160,L1027,2025-10-05,56666.67,bank_transfer
T90956,L1161,2025-03-19,30000.0,bank_transfer
T91186,L1199,2025-07-05,282500.0,card
T90821,L1139,2025-07-16,54166.67,card
T91231,L1208,2026-04-12,154444.44,ussd
T90877,L1148,2025-09-10,26250.0,ussd
T90913,L1153,2025-10-31,14166.67,card
T90152,L1027,2025-02-05,56666.67,direct_debit
T91437,L1239,2025-06-24,76250.0,bank_transfer
T90509,L1091,2026-04-18,216666.67,direct_debit
T91135,L1192,2025-10-16,110833.33,direct_debit
T91218,L1205,2026-01-06,98333.33,bank_transfer
T90103,L1016,2026-03-20,98333.33,direct_debit
T90586,L1100,2026-03-01,63333.33,direct_debit
T91288,L1219,2026-03-05,194166.67,direct_debit
T91143,L1193,2025-07-19,90000.0,card
T90053,L1006,2026-04-23,370000.0,card
T90151,L1026,2026-05-30,40277.78,ussd
T90403,L1070,2025-12-05,191666.67,bank_transfer
T91410,L1235,2026-03-12,31666.67,bank_transfer
T90207,L1034,2025-09-28,76250.0,bank_transfer
T91375,L1230,2026-04-03,126666.67,card
T91122,L1189,2026-05-12,30000.0,direct_debit
T90008,L1000,2025-10-23,152500.0,ussd
T91014,L1168,2025-12-29,154444.44,ussd
T91302,L1221,2025-02-23,97083.33,direct_debit
T91060,L1178,2025-09-05,90000.0,direct_debit
T90452,L1079,2026-04-09,35277.78,direct_debit
T90253,L1040,2026-03-21,100000.0,bank_transfer
T90896,L1151,2025-11-27,110833.33,bank_transfer
T91269,L1216,2026-02-08,126666.67,direct_debit
T90880,L1148,2025-12-11,26250.0,card
T91371,L1230,2025-12-07,126666.67,bank_transfer
T90623,L1104,2025-12-11,161111.11,card
T90345,L1060,2025-06-26,36944.44,ussd
T91247,L1212,2026-01-13,45000.0,direct_debit
T90262,L1041,2025-10-16,129444.44,bank_transfer
T90150,L1026,2026-04-02,40277.78,ussd
T90472,L1086,2026-01-23,241666.67,card
T90640,L1107,2025-08-18,100000.0,bank_transfer
T91439,L1239,2025-08-25,76250.0,ussd
T91368,L1230,2025-09-03,126666.67,ussd
T90550,L1096,2025-10-15,85000.0,ussd
T90928,L1156,2025-09-25,49166.67,card
T90488,L1088,2025-09-16,25416.67,card
T91315,L1223,2026-02-14,92500.0,direct_debit
T91171,L1195,2026-05-10,31666.67,bank_transfer
T90146,L1026,2025-12-02,40277.78,bank_transfer
T90402,L1070,2025-11-04,191666.67,ussd
T90954,L1160,2026-05-17,45000.0,bank_transfer
T91395,L1232,2026-05-19,77222.22,direct_debit
T90659,L1111,2025-05-10,19305.56,ussd
T90463,L1084,2026-04-06,115833.33,card
T90186,L1029,2026-04-05,77222.22,bank_transfer
T91147,L1193,2025-11-08,90000.0,direct_debit
T91224,L1207,2026-05-27,265555.56,bank_transfer
T90608,L1102,2025-11-07,85000.0,bank_transfer
T90143,L1026,2025-08-22,40277.78,card
T90751,L1124,2025-07-12,77222.22,card
T90981,L1163,2026-04-19,64722.22,bank_transfer
T90197,L1032,2026-02-03,54166.67,ussd
T90883,L1148,2026-03-11,26250.0,bank_transfer
T90279,L1046,2025-10-23,55416.67,ussd
T90293,L1048,2025-05-08,16666.67,bank_transfer
T91323,L1224,2025-11-10,136111.11,direct_debit
T90400,L1069,2026-05-10,315000.0,card
T90122,L1023,2025-10-18,63055.56,ussd
T91207,L1203,2025-11-27,152500.0,card
T90202,L1034,2025-04-29,76250.0,bank_transfer
T90835,L1140,2025-08-04,68055.56,bank_transfer
T90246,L1040,2025-07-11,100000.0,bank_transfer
T91380,L1231,2026-01-06,32361.11,direct_debit
T91366,L1229,2026-04-04,143750.0,bank_transfer
T91153,L1193,2026-06-01,90000.0,bank_transfer
T90384,L1065,2025-11-10,30000.0,bank_transfer
T91286,L1218,2026-01-02,408333.33,direct_debit
T90854,L1143,2026-05-18,77222.22,card
T90219,L1036,2025-12-17,272222.22,bank_transfer
T90641,L1107,2025-08-30,100000.0,card
T90001,L1000,2025-03-23,152500.0,card
T90112,L1021,2025-07-05,47916.67,bank_transfer
T90698,L1116,2025-10-08,73888.89,bank_transfer
T91387,L1232,2025-09-17,77222.22,card
T90951,L1158,2025-11-02,34027.78,direct_debit
T91277,L1217,2026-03-30,32361.11,card
T91312,L1222,2025-08-18,52916.67,direct_debit
T90441,L1078,2026-02-03,99583.33,ussd
T91136,L1192,2025-11-12,110833.33,ussd
T91256,L1215,2025-10-01,115833.33,ussd
T90663,L1111,2025-09-08,19305.56,direct_debit
T91331,L1225,2025-07-19,126111.11,ussd
T91257,L1215,2025-10-28,115833.33,ussd
T91290,L1219,2026-05-12,194166.67,ussd
T90317,L1053,2026-05-10,170000.0,card
T90648,L1109,2025-08-23,157500.0,card
T90709,L1117,2025-08-28,105000.0,bank_transfer
T91282,L1218,2025-08-04,408333.33,direct_debit
T90972,L1162,2025-07-12,191666.67,ussd
T90627,L1104,2026-03-20,161111.11,card
T90632,L1105,2025-08-18,545000.0,direct_debit
T91248,L1214,2026-05-04,95000.0,card
T91417,L1236,2025-06-13,68055.56,card
T91254,L1215,2025-08-07,115833.33,bank_transfer
T91342,L1226,2025-12-17,38611.11,card
T90795,L1132,2026-01-25,102083.33,bank_transfer
T90645,L1109,2025-05-31,157500.0,bank_transfer
T91012,L1168,2025-10-07,154444.44,bank_transfer
T90556,L1096,2026-04-13,85000.0,bank_transfer
T90681,L1113,2025-12-21,138750.0,bank_transfer
T90577,L1100,2025-05-23,63333.33,ussd
T91109,L1187,2026-03-26,63333.33,bank_transfer
T91266,L1216,2025-11-16,126666.67,bank_transfer
T91183,L1198,2026-03-09,383333.33,direct_debit
T90524,L1094,2025-09-29,105000.0,bank_transfer
T91059,L1178,2025-08-16,90000.0,ussd
T90540,L1095,2026-03-19,180000.0,bank_transfer
T91194,L1200,2025-09-23,252222.22,direct_debit
T90748,L1124,2025-04-13,77222.22,bank_transfer
T91345,L1226,2026-02-17,38611.11,bank_transfer
T90484,L1088,2025-05-20,25416.67,bank_transfer
T90095,L1014,2026-05-26,98333.33,ussd
T91020,L1169,2025-09-25,50833.33,direct_debit
T90563,L1097,2026-03-02,33333.33,direct_debit
T91264,L1216,2025-09-13,126666.67,ussd
T90742,L1123,2026-01-22,189166.67,bank_transfer
T90863,L1144,2026-04-29,73750.0,bank_transfer
T90891,L1150,2026-04-15,231666.67,ussd
T91038,L1173,2025-08-22,136111.11,direct_debit
T90206,L1034,2025-08-26,76250.0,bank_transfer
T90392,L1067,2025-10-05,188333.33,card
T90794,L1132,2025-12-22,102083.33,bank_transfer
T90870,L1147,2025-06-07,94166.67,direct_debit
T90397,L1068,2026-04-21,105000.0,ussd
T90766,L1126,2026-03-17,35277.78,bank_transfer
T91335,L1226,2025-05-21,15444.44,bank_transfer
T91241,L1209,2026-03-27,113333.33,ussd
T91028,L1169,2026-05-28,50833.33,bank_transfer
T90642,L1107,2025-10-19,100000.0,card
T90612,L1102,2026-03-06,85000.0,bank_transfer
T90960,L1161,2025-07-19,30000.0,ussd
T90725,L1120,2025-09-15,272222.22,card
T90683,L1113,2026-02-23,138750.0,ussd
T90098,L1015,2025-11-29,162500.0,direct_debit
T90804,L1134,2026-04-23,188333.33,ussd
T90406,L1070,2026-03-05,191666.67,direct_debit
T90502,L1091,2025-09-19,216666.67,ussd
T91071,L1179,2025-06-16,138750.0,ussd
T91056,L1177,2026-04-15,325000.0,bank_transfer
T90929,L1156,2025-10-25,49166.67,card
T90779,L1129,2026-04-13,20138.89,card
T90200,L1032,2026-05-06,54166.67,card
T90134,L1024,2026-04-11,555000.0,bank_transfer
T91051,L1176,2025-10-09,25416.67,card
T90040,L1004,2025-07-17,575000.0,bank_transfer
T91017,L1168,2026-02-19,154444.44,card
T90230,L1038,2026-04-25,76250.0,card
T90378,L1063,2026-01-10,129444.44,direct_debit
T90288,L1047,2026-03-23,94583.33,ussd
T90418,L1074,2025-05-29,47500.0,direct_debit
T90391,L1067,2025-09-05,188333.33,bank_transfer
T90592,L1101,2025-11-28,15833.33,ussd
T91162,L1195,2025-08-07,31666.67,ussd
T91086,L1184,2026-05-23,388333.33,direct_debit
T90647,L1109,2025-07-03,157500.0,card
T91152,L1193,2026-05-08,90000.0,direct_debit
T90520,L1094,2025-05-28,105000.0,direct_debit
T90064,L1008,2025-09-11,378333.33,card
T90014,L1001,2025-06-07,63333.33,direct_debit
T91180,L1198,2025-12-13,383333.33,card
T91064,L1178,2026-01-24,90000.0,direct_debit
T90492,L1088,2026-01-18,25416.67,bank_transfer
T90379,L1063,2026-01-30,129444.44,direct_debit
T90187,L1029,2026-04-25,77222.22,direct_debit
T90763,L1125,2026-04-20,56666.67,bank_transfer
T90216,L1035,2025-11-19,152500.0,card
T90791,L1132,2025-09-23,102083.33,ussd
T91076,L1181,2026-04-27,136250.0,bank_transfer
T90878,L1148,2025-10-11,26250.0,ussd
T90337,L1059,2025-10-14,120833.33,direct_debit
T90719,L1120,2025-03-16,272222.22,bank_transfer
T90295,L1048,2025-06-15,16666.67,bank_transfer
T91016,L1168,2026-02-13,154444.44,direct_debit
T91275,L1217,2026-01-17,32361.11,ussd
T90455,L1082,2026-03-18,31527.78,bank_transfer
T98000,L9001,2026-04-03,120000.0,bank_transfer
T90815,L1138,2025-08-07,33333.33,card
T90269,L1045,2026-05-30,28333.33,direct_debit
T90995,L1165,2025-12-09,66666.67,card
T90201,L1034,2025-03-30,76250.0,ussd
T90161,L1027,2025-11-07,56666.67,direct_debit
T90729,L1122,2025-02-19,78750.0,direct_debit
T90401,L1070,2025-10-02,191666.67,direct_debit
T90702,L1116,2026-02-26,73888.89,direct_debit
T91129,L1192,2025-04-05,110833.33,ussd
T90565,L1097,2026-05-06,33333.33,bank_transfer
T91021,L1169,2025-10-25,50833.33,bank_transfer
T91025,L1169,2026-02-26,50833.33,bank_transfer
T91104,L1187,2025-10-25,63333.33,bank_transfer
T90205,L1034,2025-07-30,76250.0,card
T90034,L1003,2026-05-20,47500.0,card
T90775,L1128,2026-04-04,33194.44,bank_transfer
T90508,L1091,2026-03-20,216666.67,card
T91431,L1238,2025-12-11,136250.0,bank_transfer
T91390,L1232,2025-12-16,77222.22,direct_debit
T90091,L1014,2026-02-02,98333.33,ussd
T91363,L1229,2026-01-06,143750.0,card
T90897,L1151,2025-11-23,110833.33,ussd
T90564,L1097,2026-03-08,33333.33,direct_debit
T91369,L1230,2025-10-05,126666.67,direct_debit
T90776,L1128,2026-05-04,33194.44,bank_transfer
T90241,L1039,2026-01-10,38611.11,ussd
T90013,L1001,2025-05-03,63333.33,card
T90315,L1053,2026-03-10,170000.0,bank_transfer
T90600,L1102,2025-03-06,85000.0,ussd
T90387,L1065,2026-01-29,30000.0,direct_debit
T91297,L1220,2026-01-13,19305.56,bank_transfer
T90166,L1027,2026-04-03,56666.67,ussd
T90840,L1142,2026-03-10,216666.67,bank_transfer
T90020,L1001,2025-12-03,63333.33,ussd
T90646,L1109,2025-06-26,157500.0,card
T91154,L1194,2025-10-23,191666.67,ussd
T90831,L1140,2025-04-05,68055.56,card
T91267,L1216,2026-01-07,126666.67,card
T90562,L1097,2025-12-26,33333.33,card
T91416,L1236,2025-05-17,68055.56,ussd
T90686,L1114,2025-10-01,157500.0,card
T90957,L1161,2025-04-21,30000.0,ussd
T90189,L1030,2025-06-07,19305.56,bank_transfer
T90975,L1162,2025-11-07,191666.67,ussd
T90699,L1116,2025-11-22,73888.89,card
T90510,L1091,2026-05-20,216666.67,ussd
T91082,L1184,2026-01-11,388333.33,bank_transfer
T90474,L1086,2026-03-23,241666.67,bank_transfer
T90856,L1144,2025-09-26,73750.0,card
T90747,L1123,2026-05-26,189166.67,ussd
T90252,L1040,2026-02-19,100000.0,ussd
T90021,L1001,2026-01-07,63333.33,direct_debit
T91337,L1226,2025-07-07,38611.11,direct_debit
T90459,L1084,2025-12-04,115833.33,ussd
T91184,L1198,2026-04-09,383333.33,card
T90276,L1046,2025-07-22,55416.67,ussd
T90955,L1161,2025-02-21,30000.0,card
T91215,L1204,2025-05-16,73750.0,direct_debit
T90385,L1065,2025-12-13,30000.0,bank_transfer
T90805,L1134,2026-04-17,188333.33,ussd
T90343,L1059,2026-04-13,120833.33,card
T90769,L1127,2025-08-06,45416.67,card
T91332,L1225,2025-08-21,126111.11,ussd
T90130,L1024,2025-12-11,555000.0,direct_debit
T90871,L1147,2025-07-06,94166.67,bank_transfer
T91123,L1191,2025-01-28,47916.67,ussd
T91396,L1234,2025-11-30,136250.0,card
T90087,L1013,2026-04-24,147777.78,card
T90330,L1057,2025-08-20,376666.67,direct_debit
T91238,L1209,2025-11-21,113333.33,ussd
T90466,L1085,2026-04-07,170000.0,direct_debit
T90121,L1023,2025-10-15,63055.56,direct_debit
T91044,L1176,2025-03-18,25416.67,bank_transfer
T91095,L1186,2025-05-18,49166.67,card
T91130,L1192,2025-04-25,110833.33,direct_debit
T91294,L1220,2025-10-12,19305.56,direct_debit
T90860,L1144,2026-01-26,73750.0,card
T91126,L1191,2025-04-28,47916.67,direct_debit
